{
  "YOLOv8n": {
    "TP": 22,
    "FP": 1,
    "TN": 106,
    "FN": 1,
    "Precision": 0.9565217391304348,
    "Recall": 0.9565217391304348,
    "FP_Rate": 0.009345794392523364,
    "Avg_Inference_ms": 8.911159998164154,
    "FPS": 112.21883573025471
  },
  "YOLOv10n": {
    "TP": 16,
    "FP": 0,
    "TN": 107,
    "FN": 7,
    "Precision": 1.0,
    "Recall": 0.6956521739130435,
    "FP_Rate": 0.0,
    "Avg_Inference_ms": 12.848756923519362,
    "FPS": 77.8285406092104
  },
  "YOLOv11n": {
    "TP": 21,
    "FP": 1,
    "TN": 106,
    "FN": 2,
    "Precision": 0.9545454545454546,
    "Recall": 0.9130434782608695,
    "FP_Rate": 0.009345794392523364,
    "Avg_Inference_ms": 11.271630770240266,
    "FPS": 88.71830708296737
  },
  "RT-DETR-l": {
    "TP": 23,
    "FP": 0,
    "TN": 107,
    "FN": 0,
    "Precision": 1.0,
    "Recall": 1.0,
    "FP_Rate": 0.0,
    "Avg_Inference_ms": 31.926795385348107,
    "FPS": 31.321652797603402
  }
}